순번,제목,태그/설명,국가,장르,줄거리,총회차,URL
1,천재 아기의 인생 역전,참교육,,환생· · 반전· · 사이다,"친부와 새엄마 때문에 억울한 누명을 쓰고 교도소에서 숨진 도혁. 눈을 떠보니 2015년, 10살 꼬마로 돌아와 있다. 주식부터 ...",76,https://www.vigloo.com/ko/video/15001849?episode=1
2,수상한 남편의 이중생활,로맨틱한,,로맨스· · 재벌· · 반전,"재벌가 후계자 자리를 박차고 나와 택시기사, 정육점, 택배기사로 ‘쓰리 잡’을 뛰며 살아가던 강현우. 5년 전 어느 날 하룻밤을",72,https://www.vigloo.com/ko/video/15001753?episode=1
3,닿을 수 있는 그녀,초고속결혼,,로맨스· · 재벌· · 사이다,강씨 가문의 양녀 강유진은 가족의 지시로 향한 호텔에서 여자 알러지가 있는 성원그룹 대표 신하성과 얽히며 인생이 뒤바뀐다. 오,81,https://www.vigloo.com/ko/video/15001453?episode=1
4,모쏠지옥,고자극,,로맨스· · 리얼리티· · 드라마,"친구에게 속아 연애서바이벌 <핫연애존>에 입주한 솔지, 쉴 틈 없이 이어지는 고자극 스킨십 미션에 정신이 없다. 어쩌다 보니 첫",53,https://www.vigloo.com/ko/video/15001786?episode=1
5,비서할래 와이프할래?,선결혼후연애,,로맨스· · 코미디,할머니 수술비가 필요했던 박하은은 1년간 결혼 신분을 빌려주는 계약 결혼을 하기로 한다. 하지만 우연히 결혼 상대가 바뀌게 되어,80,https://www.vigloo.com/ko/video/15001355?episode=1
6,뚱보 아내는 조폭 마누라,불륜,,환생· · 걸크러쉬· · 사이다,"대통령 후보 현우의 아내 지애는 남편의 내연녀 채원의 계략으로 죽음의 위기에 처한다. 그 순간, 사고로 죽은 전설적인 조폭 여보",75,https://www.vigloo.com/ko/video/15001651?episode=1
7,국가권력급 상속자가 돌아왔다,참교육,,재벌· · 반전· · 사이다,세계 10대 기업 GX그룹의 유일한 상속자이자 국방부 장관의 아들인 최산. 그는 여자친구 지수의 눈앞에서 의문의 사고로 3년간,63,https://www.vigloo.com/ko/video/15001189?episode=1
8,타임리프 로맨스: 은밀한 복수,시간여행,,로맨스· · 판타지· · 운명,남편 진호와 친구 예린의 불륜을 목격한 하나는 예린에게 살해당하지만 10년 전 과거로 회귀한다. 복수를 결심한 하나는 예린의 약,71,https://www.vigloo.com/ko/video/15000140?episode=1
9,오늘 한류스타와 이혼하겠습니다,이혼,,로맨스· · 배신· · 걸크러쉬,대한민국 최고의 한류스타 최현과 비밀 결혼을 한 강혜인. 철저히 숨겨진 결혼 생활 속에서 혜인은 멸시와 배신을 홀로 견뎌온다.,70,https://www.vigloo.com/ko/video/15000826?episode=1
10,장녀 결혼 일기,초고속결혼,,로맨스· · 재벌· · 사이다,"가난한 토스트 가게 주인 선영은 길가에 쓰러진 은하를 도와준 인연으로, 은하의 오빠이자 경비원이라 소개받은 태성과 갑작스레 결혼",71,https://www.vigloo.com/ko/video/15000728?episode=1
11,그 여자를 유혹해줘,불륜,,치정· · 로맨스,"재벌 외동딸 이주하는 평직원 남편 김규진과 결혼해 단란한 삶을 살았지만, 갑작스러운 부모의 뺑소니 사고와 심장이식 수술 이후 모",49,https://www.vigloo.com/ko/video/15001717?episode=1
12,D-100 : 남편을 리셋합니다,타임루프,,반전· · 환생· · 사이다,"결혼식 당일, 강예린은 약혼자 남태준과 절친 권유나의 배신으로 목숨을 잃는다. 죽음의 순간, 예린은 그동안 외면해 왔던 정략결혼",49,https://www.vigloo.com/ko/video/15001590?episode=1
13,해야만 하는 쉐어하우스2,다각관계,,로맨스· · 리얼리티· · 드라마,19금 연애 예능 <해야만 하는 쉐어하우스> 시즌2의 메기로 출연하게 된 해리. 메기의 특권으로 첫번째 데이트 상대를 고를 수,58,https://www.vigloo.com/ko/video/15000350?episode=1
14,해야만 하는 쉐어하우스 in Japan,다각관계,,로맨스· · 리얼리티· · 드라마,19금 연애 프로 '해야만 하는 쉐어하우스'에 출연하게 된 주리. 그곳에선 매일 잠자리 상대가 바뀌고 하루 1회 스킨십 '필수' ...,47,https://www.vigloo.com/ko/video/15001420?episode=1
15,사내에서는 정숙할 것,오피스,,로맨스· · 코미디· · 혐관,"나율은 정말 요즘 죽을 맛이었다. 본래 세 명도 빠듯했던 업무량, 후배가 매번 치는 사고 후처리….권시진. 그는 아주 글러먹은",58,https://www.vigloo.com/ko/video/15001057?episode=1
16,"선배님, 모두 우연인가요",재벌,,로맨스· · 재벌· · 반전,집안의 파산과 동생의 병으로 벼랑 끝에 몰린 하윤은 학창시절부터 짝사랑해 온 재벌 후계자 준혁에게 하룻밤을 판다. 하윤에게는 비,49,https://www.vigloo.com/ko/video/15000696?episode=1
17,엄마가 나를 팔았다,맞대응,,로맨스· · 코미디,"가족의 음모로 스캔들에 휘말려 나락으로 떨어진 배우 오민주가 조력자 강도윤의 도움으로 화려하게 복귀하여, 자신을 파멸시킨 이들을",48,https://www.vigloo.com/ko/video/15001817?episode=1
18,낮져밤이 오피스,로코,,로맨스· · 코미디,"수직사회의 끝판왕. K- 회사. 그중에서도 회사의 먹이사슬 최하위 포지션에 위치한 계약직 사원, 세연. 오늘도 위에서 시킨 업무",49,https://www.vigloo.com/ko/video/15001522?episode=1
19,이 섬에서만 할 수 있어,로코,,코미디· · 로맨스· · 호러,약혼자의 배신으로 생일날 바다에 빠져 죽은 상속녀 '소라'. 그녀가 눈을 뜬 곳은 외딴섬 홍미도!? 그리고 유령이 되어버린 현실,60,https://www.vigloo.com/ko/video/15001822?episode=1
20,로맨틱 아일랜드,연애,,로맨스· · 리얼리티· · 삼각관계,전재산을 잃은 남자친구를 위해 거액의 상금이 걸린 19금 연애 프로그램에 참가한 예지. 상금 19억을 차지하는 방법은 바로 애,60,https://www.vigloo.com/ko/video/15000468?episode=1
21,커피가 친절하고 사장님이 맛있어요,청춘물,,로맨스· · 코미디· · 혐관,"태어날 때부터 양기 부족 체질로 귀신에게 자주 빙의되는 문보름. 유일한 해결책은 ‘양기남과의 스킨십’이지만, 모태솔로에 쑥맥인",57,https://www.vigloo.com/ko/video/15000324?episode=1
22,"완벽한 사모님, CEO를 울리다",이혼후사랑,,로맨스· · 재벌,"소연은 생활비를 벌기 위해 배달 아르바이트를 하던 중, 우연히 남편 도윤의 숨겨진 비밀을 알게 된다. 7년간 가난하다고 믿어온",77,https://www.vigloo.com/ko/video/15001486?episode=1
23,흙수저 싱글맘의 기적,재벌,,재벌· · 재회· · 로맨스,생계를 위해 청소 일을 전전하는 최수아는 술집 사장의 폭언을 버티며 살아간다. 어느 날 재벌 태일그룹 대표 한서준을 우연히 도우,64,https://www.vigloo.com/ko/video/15000694?episode=1
24,내 남편의 여자들,불륜,,배신· · 스릴러,아끼는 동생의 배신으로 남편과 아이를 모두 잃고 정신병원에 갇힌 여자가 전신성형 후 다시 돌아와서 벌이는 처절하고 짜릿한 복수,54,https://www.vigloo.com/ko/video/15001785?episode=1
25,당신은 나의 신부,선결혼후연애,,로맨스· · 반전,"원계는 친부모와 양부모 모두에게서 외면받으며 외로이 자라왔다. 그러던 중, 거물급 기업인 상침과 결혼하게 되지만, 친부모는 수양",112,https://www.vigloo.com/ko/video/15001652?episode=1
26,전남친의 대표님과 결혼했습니다,초고속결혼,,반전· · 재벌· · 사이다,베일에 싸인 세라 그룹의 숨겨진 실세 한예원은 7년간 헌신적으로 후원해 온 연인과의 결혼을 위해 정체를 숨긴 채 귀국한다. 그러,70,https://www.vigloo.com/ko/video/15001025?episode=1
27,시혼궁녀,신분오해,,로맨스· · 시대극/사극· · 코미디,세자 '헌'에게 밤기술을 가르쳐야 하는 시혼 궁녀 '홍단'은 절대 들켜선 안 될 처녀라는 비밀을 숨기고 있다. 수상한 소문 속 ...,60,https://www.vigloo.com/ko/video/15001421?episode=1
28,불장난,금지된사랑,,로맨스· · 배신· · 삼각관계,"결혼식을 두 달 앞두고 이 결혼을 하는게 맞는지, 재성을 사랑하는지 혼란스러운 시간을 보내고 있는 선우. 단골 Bar에 권태롭게",49,https://www.vigloo.com/ko/video/15001488?episode=1
29,비서와 사랑에 빠질 확률,엘리트,,로맨스· · 코미디,"돈, 외모, 스펙까지! 상류층만 모이는 초엘리트 매칭 회사, 3%. 그런데 정작 사랑은, 공식대로 풀리지 않는다?! 완벽만을 추 ...",52,https://www.vigloo.com/ko/video/15001784?episode=1
30,경성 여우 스캔들,첫눈에반한사랑,,로맨스· · 판타지,"가문을 빼앗긴 채, 잔혹한 지옥을 견뎌야 했던 박윤희. 흑호가의 후계자이지만, 사이코패스 같은 계부에게 수년간 학대를 당하며 힘",50,https://www.vigloo.com/ko/video/15001222?episode=1
31,로펌 에이스 변호사와 비서,오피스,,로맨스· · 배신· · 삼각관계,로펌에서 일하는 강서연은 술먹고 실수로 상사인 윤도진 변호사와 하룻밤을 보낸다.그런데 윤도진은 엉뚱하게 강서연의 친구 황유림과,48,https://www.vigloo.com/ko/video/15000344?episode=1
32,돌아와 내 딸 천지영,재벌,,운명· · 재벌· · 반전,"재벌가의 후계자인 오빠를 살리기 위해 친가족에게 처절히 버림받고 피를 뽑혔던 막내딸이, 18년 후 가난하지만 따뜻한 청소부의",71,https://www.vigloo.com/ko/video/15001123?episode=1
33,고등학생 보스에 베팅했습니다,금지된사랑,,반전· · 미스터리· · 드라마,"서른여섯 살 전업주부 손연수는 폭력적인 남편 아래서, 아들 하나만 바라보고 살아왔다. 그러던 어느 날, 우연히 클릭한 불법 도박",49,https://www.vigloo.com/ko/video/15001161?episode=1
34,남장비서,언더커버,,로맨스· · 혐관· · 삼각관계,부모님이 남긴 빚을 갚기 위해 대기업 ‘엘른’에 산업스파이로 잠입하게 된 ‘서원’. 그런데 하필 타깃인 부사장 ‘강준’은 남자,60,https://www.vigloo.com/ko/video/15000397?episode=1
35,우리 지금 무슨 사이,캠퍼스,,로맨스· · 순애· · 찐사랑,20년지기 소꿉친구인 여름과 바다. 우연히 여름이 바다의 은밀함을 보게 되면서 서로에 대한 의식이 변하기 시작한다. 여름은 처음,45,https://www.vigloo.com/ko/video/15000277?episode=1
36,꿈에서 자유로,청춘물,,판타지· · 로맨스· · 스릴러,평범한 여고생 최정민은 학교폭력 가해자이자 교내 권력자인 하주현의 괴롭힘 속에 지옥 같은 나날을 보낸다. 자각몽에서만 복수하던,46,https://www.vigloo.com/ko/video/15001684?episode=1
37,심장이 기억하는 사랑,기억상실,,스릴러· · 드라마· · 로맨스,세련은 우울증과 공황장애로 집 밖에 나가지 못한 채 살아간다. 어느 날 옆집 남자 우재에게서 남편 기태가 국회의원 딸 채아와 결,52,https://www.vigloo.com/ko/video/15001555?episode=1
38,남편을 유혹해줘요,삼각관계,,치정· · 스릴러,"미술대학 교수 주원과 갤러리 관장 유진은 10년 차 부부다. 어느 날부터 주원의 행동이 의심스럽기 시작한 유진은, 친구의 권유로",43,https://www.vigloo.com/ko/video/15001685?episode=1
39,러브 스트라이크,재회,,로맨스· · 재회· · 운명,"""날 차버린 널 위해 슈퍼스타가 되어 돌아왔어.” 야구 선수인 이정과 연애 중인 천시연은 이정이 MLB에 진출을 하자 두 사람",41,https://www.vigloo.com/ko/video/15000279?episode=1
40,벙어리 아내를 구한 신선,초능력,,판타지· · 로맨스,"육명은 원래 선계의 금선이었지만, 막대한 영석 빚 때문에 인간계로 강제 전생했다. 그는 같은 고리대금으로 죽은 도박꾼의 몸에 들",58,https://www.vigloo.com/ko/video/15001455?episode=1
41,뽀삐가 재벌남으로 돌아왔다,로코,,로맨스· · 판타지· · 코미디,“저예요 주인님.” 어느날 세라를 찾아온 재벌 2세 차우진. 목줄을 한 채 문을 두드리는 그의 눈이 왠지 얼마전 하늘로 간 뽀삐,59,https://www.vigloo.com/ko/video/15001884?episode=1
42,폭군의 약혼녀가 되겠습니다,계약결혼,,로맨스· · 판타지,아버지의 빚으로 힘든 나날을 보내고 있는 ‘하나’. 웹소설 <약혼녀가 전부 죽음>의 엔딩 부분을 읽다가 ‘그렇게 모두 행복하게,49,https://www.vigloo.com/ko/video/15000760?episode=1
43,아들의 주치의와 두 번째 사랑,싱글맘,,로맨스· · 재회· · 운명,"모든 걸 잃은 날 낯선 남자와 하룻밤을 보낸 차윤하. 하지만 사고로 그날의 기억을 잃고, 두 달 만에 깨어난 그녀는 자신이 임신",52,https://www.vigloo.com/ko/video/15000399?episode=1
44,멍청한 쓰레기 남편은 즉시 폐기!,여성중심,,드라마· · 사이다· · 배신,"YJ테크의 성공한 CEO 나루세 아야는 해외 출장에서 돌아온 날, 자신의 집무실에서 남편 준과 비서 리나의 불륜 현장을 목격한다",55,https://www.vigloo.com/ko/video/15001552?episode=1
45,의치한 스캔들,엘리트,,로맨스· · 치정,"강남의 성공한 의사, 치과의사, 한의사 세 남자. 겉으로는 찐친으로 보이지만, 그들 사이에는 숨겨진 치명적인 비밀이 있다. 욕망",50,https://www.vigloo.com/ko/video/15001589?episode=1
46,가시나무를 파헤쳐 너의 곁으로,재벌,,로맨스· · 혐관· · 사이다,"유진은 어린 시절 어머니를 잃고, 정신질환을 앓는 아버지 밑에서 자란다. 하지만 외조부의 유산을 상속받은 뒤 심가 사람들에 의해",135,https://www.vigloo.com/ko/video/15000895?episode=1
47,절친 아빠를 탐하다,나이차이,,금지된사랑· · 연상연하· · 고자극,이별의 아픔을 겪고 있던 대학생 할리는 오랫동안 짝사랑했던 절친 스카일러의 아빠에게 구해지게 되고 이들의 금지된 끌림은 우정과,49,https://www.vigloo.com/ko/video/15001718?episode=1
48,서울원나잇,원나잇,,운명· · 재벌· · 로맨스,"결혼까지 생각한 남자친구의 바람으로 홧김에 원나잇을 한 직장인 하루카. 그저 하루의 일탈이라고 생각하며 몰래 호텔방을 떠나지만,",50,https://www.vigloo.com/ko/video/15000296?episode=1
49,악녀로 빙의중!,다중인격,,판타지· · 로맨스· · 운명,"내가 갱생 불가 개쓰레기 정민아? 미완결 작품만 수십 개인 웹 소설 작가 민아. 어느 날, 깨어나 보니 본인이 쓴 소설 캐릭터에",45,https://www.vigloo.com/ko/video/15000176?episode=1
50,김대표의 엽기적인 부인,비밀신분,,로맨스· · 코미디· · 찐사랑,각자 신분을 숨긴 채 맞선 자리에 나온 강우그룹 대표 지훈과 리앤그룹 외동딸 채원. 서로가 정략결혼 상대로 연결된 줄도 모른 채,60,https://www.vigloo.com/ko/video/15000565?episode=1
51,소꿉친구 대표님과 계약 결혼,맞대응,,로맨스· · 판타지· · 코미디,원인불명 솔직병을 앓고 있는 시아(30). 부모님의 성화에 20년지기 친구 준우(30)에게 계약 결혼을 제안한다. 각자 인연을 ...,44,https://www.vigloo.com/ko/video/15000264?episode=1
52,"연: 그날 밤, 종이 되다",복수,,로맨스· · 판타지· · 시대극/사극,"천민 하연우는 남자들에겐 상놈, 여자들에겐 上놈으로 불리며 인기를 끌지만, 마음속엔 오직 꿈속에 나타나는 소연만 자리하고 있다.",48,https://www.vigloo.com/ko/video/15000342?episode=1
53,"이 키스, 연구 목적입니다!",캠퍼스,,로맨스· · 판타지· · 혐관,키스로 마음을 읽는 초능력 대학원생 수연은 악덕 교수 황두철 밑에서 ‘호구 조교’로 버티다 졸업 논문 주제로〈키스를 통한 감정,30,https://www.vigloo.com/ko/video/15000793?episode=1
54,내 남자친구는 600살,시간여행,,로맨스· · 운명· · 판타지,"600년 전 조선, 역모의 누명을 쓰고 죽음의 순간에 내몰린 왕자 ‘겸’은 호수에 몸을 던진 뒤 정신을 잃는다. 그리고 눈을 뜬",59,https://www.vigloo.com/ko/video/15001024?episode=1
55,이 사랑 치료 되나요?,신데렐라,,로맨스· · 재벌· · 운명,사준영은 어린 시절 아버지의 외도를 목격한 트라우마로 인해 성관계 불능 상태가 되었다. 사신 그룹 회장인 그의 할아버지는 준영과,60,https://www.vigloo.com/ko/video/15000958?episode=1
56,마지막 베팅 ~금단의 사랑에 빠지다~,비밀신분,,로맨스· · 배신· · 사이다,"스도 가문의 차녀 사야는 양녀로 자란 언니 유키노의 냉혹한 계략에 휘말려 모든 것을 빼앗긴다. 부모를 살해당한 뒤, 약에 취한",60,https://www.vigloo.com/ko/video/15001754?episode=1
57,블러드체인,뱀파이어,,로맨스· · 판타지· · 삼각관계,"데이팅 앱에서 만난 남자의 송곳니에 목이 찢긴 그날 밤, 강하린의 운명은 완전히 바뀐다. 하프 뱀파이어가 된 하린에겐 단 30일",71,https://www.vigloo.com/ko/video/15000286?episode=1
58,내 파트너는 악마,맞대응,,판타지· · 환생· · 로맨스,약혼자와 결혼을 앞두고 죽음을 당한 ‘민정’은 자신의 영혼을 주는 대가로 악마 ‘시안’과 시간을 되돌리는 계약을 한다. 일주일,57,https://www.vigloo.com/ko/video/15000293?episode=1
59,메소드,복수,,드라마· · 로맨스· · 판타지,최유리는 무명 연극배우 권재황을 위해 7년 동안 한결같이 뒷바라지하며 그를 스타로 만들기 위해 물심양면으로 지원해 왔다. 그러나,100,https://www.vigloo.com/ko/video/15000925?episode=1
60,X를 사수하라,로코,,로맨스· · 코미디· · 삼각관계,혼전 순결을 고집하며 결혼에 목숨 거는 고지식한 유교보이와 결혼은 무섭고 동거는 하고 싶다는 열정녀의 아슬아슬 공동생활 프로젝트,49,https://www.vigloo.com/ko/video/15001134?episode=1
61,Dr.K,로코,,SF· · 로맨스,에너지 고갈로 멸망 위기에 처한 ‘오리진’행성. 최고의 요원 닥터 K는 미지의 에너지 ‘X’를 수집하기 위해 완벽한 비주얼로 지,52,https://www.vigloo.com/ko/video/15001750?episode=1
62,남사친이 재벌이었다,재벌,,로맨스· · 재벌· · 찐사랑,"동네에서 카페를 운영하며 평화로운 일상을 보내던 ‘지수’는, 남친 두현이 바람피는 현장을 적발한 것도 모자라 본인의 명의로 조폭",40,https://www.vigloo.com/ko/video/15000299?episode=1
63,플래티넘 - 그들이 사는 세상,삼각관계,,재벌· · 반전· · 삼각관계,"1년 전, 프랑스로 떠났던 DH 그룹의 외동딸 '하연'은 다시 한국으로 돌아온다. 하지만 자신도 모르는 사이 누군가 그녀의 이름",49,https://www.vigloo.com/ko/video/15000305?episode=1
64,헤이트 메리지,상속녀,,로맨스· · 재벌· · 운명,남자를 싫어하는 한수패션 상무 한수아는 6개월 안에 결혼해야 유산을 상속받을 수 있다는 조건에 계약 결혼 상대를 찾는다. 신생,49,https://www.vigloo.com/ko/video/15000564?episode=1
65,이혼하고 나랑 놀래?,복수,,로맨스· · 사이다· · 이혼,대한민국 3대 대기업에 인턴으로 입사한 '우연'은 회장의 배다른 딸이다. 인턴부터 시작해 올라가기로 결심한 우연은 까칠하고 섹시,61,https://www.vigloo.com/ko/video/15000172?episode=1
66,레드몬스터: 악마를 향한 복수,복수,,배신· · 운명· · 사이다,은우의 소개팅 자리에 친구 유리가 대신 나갔고 그날 이후 유리와 재섭은 연인이 되었다. 그러나 집안이 무너진 유리는 결혼이 급했,52,https://www.vigloo.com/ko/video/15000330?episode=1
67,아무짝에 쓸모없는 사랑,원나잇,,로맨스· · 드라마· · 혐관,서른 아홉의 노쳐녀 도도혜. 하지만 자신을 6년간 쫓아다니는 남자가 있어 언제나 당당하다. 불쌍한 놈 구제하는 셈 치고 진지하게,50,https://www.vigloo.com/ko/video/15000794?episode=1
68,사이비 교주의 아내가 되었습니다,비밀신분,,로맨스· · 미스터리· · 운명,"""이건 사랑이 아니야 집착이야!"" 성녀로 납치된 '희진'은 평범한 회사원인 줄 알았던 연인 '요한'이 대대손손 내려온 사이비 교",50,https://www.vigloo.com/ko/video/15000322?episode=1
69,게스트하우스의 맛,로코,,코미디· · 재회· · 반전,이별의 쓰라린 고통을 새로운 만남으로 잊고자 동물의 왕국인 게스트하우스에 다시 스텝으로 찾게 된 민우. 도파민녀 수빈과 눈이 맞,47,https://www.vigloo.com/ko/video/15000142?episode=1
70,"죽여야 하는, 로맨스",복수,,판타지· · 로맨스· · 이혼,과거 유능했던 기상캐스터 이소희는 직장 상사 김동철과 결혼해 전업주부로 살지만 아이가 없다는 이유로 시어머니에게 구박받고 남편과,33,https://www.vigloo.com/ko/video/15000532?episode=1
71,도련님은 전남친,삼각관계,,치정,"연애를 하다 보면 다 비슷하다. 뜨거운 사랑은 철없던 시절 이야기일 뿐. 35살인 나는 괜찮은 직장과 성격, 무엇보다 나를 사랑",35,https://www.vigloo.com/ko/video/15001092?episode=1
72,아빠의 절친과의 뜨거운 밤,금지된사랑,,연상연하· · 로맨스· · 금지된사랑,남자 친구의 배신을 목격한 해나는 사랑을 완전히 포기하지만 술집에서 우연히 만난 남자가 모든 걸 바꿔 놓는다. 유머러스하고 완벽,48,https://www.vigloo.com/ko/video/15000497?episode=1
73,블러드 메이트,신분오해,,판타지· · 로맨스· · 반전,평범한 대학생 수현은 우연히 선배 지훈과 엮이면서 그의 정체가 뱀파이어임을 알게 된다. 지훈은 인간을 해치지 않는 착한 뱀파이어,60,https://www.vigloo.com/ko/video/15000232?episode=1
74,잔혹한 나의 악마,복수,,드라마· · 사이다· · 배신,혜수는 세상을 보지 못했다. 그리고 더 잔혹한 진실도 보지 못했다. 맹인 재벌 상속녀 혜수는 남편 지훈과의 결혼으로 평온한 삶을,46,https://www.vigloo.com/ko/video/15000205?episode=1
75,어느 날 예뻐지고 마침내 로맨스 당했다,로코,,로맨스· · 하이틴· · 반전,"태희는 못생긴 외모로 인해 주변 사람들로부터 무시를 받는다. 그러던 어느날, 묘령의 여인의 도움을 받아 예뻐지게 된다. 주변 남",30,https://www.vigloo.com/ko/video/15000596?episode=1
76,청담국제고등학교 - 미술반,학교,,하이틴· · 재벌· · 삼각관계,"가난을 숨겨야 하는 청담국제고 퀸 청아, 부자임을 숨겨야 하는 전학생 레나가 서로의 비밀을 알아내며 끝없는 갈등 속으로 빠져든다",49,https://www.vigloo.com/ko/video/15000244?episode=1
77,죽이고 싶은 X들 : 간통수사대,언더커버,,로맨스· · 치정· · 사이다,수많은 불륜 피해자들의 반발로 간통죄가 부활한 가상의 대한민국. 간통 전담 특수수사대가 발촉되어 대대적인 수사를 펼치게 된다.,44,https://www.vigloo.com/ko/video/15000161?episode=1
78,상간녀에게 빙의 되었습니다,복수,,판타지· · 배신· · 반전,"성공을 포기하고, 남편 수혁과 노예 계약을 맺으며 결혼한 미수. 불의의 사고로 남편의 상간녀로 의심했던 지안에게 빙의되고, 그의",45,https://www.vigloo.com/ko/video/15000311?episode=1
79,엘러베이터 S1,다각관계,,리얼리티· · 로맨스· · 다정남,"엘리베이터라는 익숙한 일상 공간에서 펼쳐지는 신개념 데이팅 리얼리티. 사랑을 찾기 위해 엘리베이터에 오른 한 명의 시커, 장은비",36,https://www.vigloo.com/ko/video/15001422?episode=1
80,세상에서 가장 아픈 키스,재벌,,로맨스· · 배신· · 운명,키스를 하면 상대방의 고통을 대신 짊어지는 ‘액막이’ 능력을 가진 현아.사랑을 바랐던 그녀에게 상처만 남긴 결혼 생활이 끝난 후,54,https://www.vigloo.com/ko/video/15000292?episode=1
81,손을 잃은 명의,삼각관계,,로맨스· · 사이다,"명의 서희는 신분을 숨긴 채 살아가던 중, 죽음의 문턱에 선 고태서를 자신의 의술로 구해내고 그와 사랑에 빠져 결혼한다. 아들을",55,https://www.vigloo.com/ko/video/15000862?episode=1
82,러닝메이트,연상연하,,로맨스· · 코미디,스포츠웨어 회사 ‘스파티니 헬스케어’에서 어린 나이에 팀장으로 일을 하고 있는 진희는 새로운 신입사원 주혁과 사랑에 빠진다.,30,https://www.vigloo.com/ko/video/15001094?episode=1
83,이 소설에서 나가는 방법,청춘물,,판타지· · 로맨스· · 찐사랑,평소 조용하고 존재감 없는 ‘민지’와 존재감 넘치며 알게 모르게 민지를 괴롭히던 ‘태영’이 민지의 최애 소설인 ‘나의 로맨스 시,31,https://www.vigloo.com/ko/video/15000628?episode=1
84,지옥에서 찾아온 나의 구원자,계약연애,,로맨스· · 재벌· · 혐관,"삶에 쫓기던 민정 앞에 차가운 재벌 2세 주혁이 “한 달 연애 계약, 조건은 10억”이라는 파격 제안을 내민다. 단순한 거래라 ...",29,https://www.vigloo.com/ko/video/15000431?episode=1
85,사랑은 계약 후에,계약결혼,,로맨스· · 찐사랑· · 사이다,가난한 집안에서 어머니의 병간호를 하면서도 열심히 사는 아야카는 우연히 만난 젊은 CEO 마코토에게 계약 결혼을 제안받는다. 겉,69,https://www.vigloo.com/ko/video/15000208?episode=1
86,마이 리틀 셰프,재벌,,로맨스· · 드라마,외식 재벌인 퍼스그룹의 손녀 ‘노마’. 그룹의 공식 후계자인데다 예쁜 외모에 천부적인 요리실력을 가지고 있어 셀럽으로 인지도가,42,https://www.vigloo.com/ko/video/15001919?episode=1
87,내 남편이 나를 죽였다,복수,,반전· · 치정· · 스릴러,"믿었던 남편에게 살해당한 딸과 살아남은 향미. 모든 게 내연녀 다영과 결혼하기 위한 남편의 계획이었단 걸 알게 되고, 조력자 재",50,https://www.vigloo.com/ko/video/15000314?episode=1
88,"아이돌, 남침!",로코,,로맨스· · 코미디· · 운명,정혼자와의 혼인을 앞둔 북한 고위 간부의 외동딸 리설아는 K-POP 영상을 밀거래하다 보위부에 발각되어 위기에 처한다. 정치국,53,https://www.vigloo.com/ko/video/15000861?episode=1
89,그의 마음은 날 향하지 않았다,짝사랑,,로맨스· · 재벌· · 혐관,무용수 신소율은 서강남을 5년이나 짝사랑했지만 늘 거절당했다. 그러던 중 강남의 의붓 여동생 인영이 음주운전 사고로 소율의 다리,57,https://www.vigloo.com/ko/video/15000863?episode=1
90,질풍같은 프로포즈,계약결혼,,재벌· · 로맨스· · 사이다,7년 전 마키메 사키는 남자친구 카이타니 쿄헤이의 뒷바라지를 위해 자퇴 후 해외에서 세계 최대 금융 그룹 ‘셀레스티아’를 일궈낸,65,https://www.vigloo.com/ko/video/15000892?episode=1
91,최애의 사수가 되었다,오피스,,로맨스· · 삼각관계,"좋아하던 무명 아이돌 우진이 은퇴 후 자신의 부하직원으로 들어온 수정. 아이돌 시절과는 달리 차가운 우진의 태도에 당황하지만,",47,https://www.vigloo.com/ko/video/15000154?episode=1
92,야쿠자 딸의 악덕 기업 응징 프로젝트,비밀신분,,반전· · 사이다· · 다정남,일본 유명 야쿠자 집안에서 태어난 주인공 아마기 사쿠라는 두목의 딸로서 사는 것에 염증을 느끼고 있었다. 평범한 삶을 꿈꾸던 사,56,https://www.vigloo.com/ko/video/15001159?episode=1
93,싱글맘의 행운,첫눈에반한사랑,,로맨스· · 재벌· · CEO,빚을 갚으며 홀로 아이를 키우느라 사랑은 꿈도 못 꾸며 바쁘게 살아가는 싱글맘 엘레인 카터. 여느 때처럼 절망적인 밤을 보내던,47,https://www.vigloo.com/ko/video/15001356?episode=1
94,"미안하지만, 내 애인은 네 아빠야",나이차이,,로맨스· · 재벌· · 금지된사랑,"약혼자 올리버가 여동생 벨린다와 바람을 피우는 장면을 목격한 뒤, 밸러리의 세계는 무너지고 만다. 우연히 올리버의 아버지이자 호",58,https://www.vigloo.com/ko/video/15001026?episode=1
95,"여왕벌맘 위에, 히든 재벌맘",신분오해,,재벌· · 사이다· · 반전,싱글맘 아카리(26)는 남편을 잃고 다섯 살 딸 유카를 키우는 평범한 엄마인 척 하며 명문 카게츠 유치원에 들어간다. 그러나 아,55,https://www.vigloo.com/ko/video/15001387?episode=1
96,수진과 수진: 내 남편을 뺏어봐,비밀신분,,로맨스· · 스릴러· · 치정,"결혼 7년 차, 아내와 이름이 같은 젊은 여자와 바람이 난 남편 ‘박성호’와 남편과 이혼하기 위해 돈을 주고 젊은 여자에게 남편",47,https://www.vigloo.com/ko/video/15000433?episode=1
97,내 남편을 유혹해줘,복수,,치정· · 사이다· · 로맨스,크리스틴의 완벽했던 삶은 남편 에드워드가 클로이와 불륜 관계에 있다는 사실을 알게 되며 산산조각 난다. 그러나 그 불륜은 우연이,49,https://www.vigloo.com/ko/video/15000148?episode=1
98,아이돌의 이중생활,이별,,코미디· · 로맨스· · 아이돌,"도준은 꿈에 그리던 연습생이 된 후, 멤버들을 만나고 데뷔조가 된다. 3인조 남자 아이돌 그룹 '1DX1'는 데뷔하자말자 큰 인",48,https://www.vigloo.com/ko/video/15000252?episode=1
99,설레면 지는 거다,참교육,,로맨스· · 코미디· · 드라마,"사랑 받지 못할까 두려워 수동적인 연애만 해왔던 편집자 '예나', 사랑을 믿지 않는 연애 소설 작가 '지훈'을 만나다! 첫 만남",40,https://www.vigloo.com/ko/video/15000162?episode=1
100,누가 독한X인지 궁금해졌어,복수,,배신· · 치정· · 반전,"대한민국 최고의 여배우 백다희는 화려한 스포트라이트 뒤에 끔찍했던 과거의 상처를 숨기고 있다. 그녀의 목표는 단 하나, 학창 시",52,https://www.vigloo.com/ko/video/15000894?episode=1
101,내 소울메이트는 유부남 교수님,고자극,,,,,
102,20살 딸이 생겼습니다,비밀신분,,치정· · 신분상승· · 반전,과거 팬서비스 차원에서 일본에 정자 기증을 했던 대한민국 최고의 한류 스타 해진. 20년이 지나 한 기업의 상속녀 주희와 결혼하,41,https://www.vigloo.com/ko/video/15000149?episode=1
103,디어엑스,청춘물,,로맨스· · 코미디,신인 작사가 '라리안'. 그녀가 만든 노래가 역주행을 하며 잊고 지내던 전 남친들이 하나 둘 연락하기 시작하는데.. 하지만 EX,30,https://www.vigloo.com/ko/video/15001093?episode=1
104,운명을 도둑맞은 진짜 딸,신분오해,,반전· · 사이다· · 재벌,"10년 전, 어린 미사키는 일본 자산가의 딸이었다. 벚꽃 축제에서 돌아가던 길에 오빠 쇼타를 놓치게 되는데 그때, 청소일로 생계",57,https://www.vigloo.com/ko/video/15000312?episode=1
105,엘러베이터 S2,다각관계,,리얼리티· · 로맨스· · 다정남,"엘리베이터. 아주 익숙하고 일상적인 공간이지만, 수많은 낯선 이들과 스쳐 지나가는 공간이기도 하다. 여기 사랑을 찾아주는 엘러베",34,https://www.vigloo.com/ko/video/15001487?episode=1
106,"싱글맘에게 찾아온, 인생 최고의 사랑",재벌,,운명· · 재벌· · 로맨스,"바에서 청소부로 일하는 에이코는 병든 엄마와 대학생 딸의 뒷바라지를 하며 힘들게 생활한다. 어느 날 밤, 에이코는 함정에 빠질",54,https://www.vigloo.com/ko/video/15000960?episode=1
107,낮잠공주의 스포일러,CEO,,드라마· · 로맨스· · 판타지,"“대표가 나한테 키스를 한다고?” 소품실에서 낮잠을 자면 미래를 보는 꿈을 꾸는 예지. 어느 날, 대표 재현이 자신에게 키스하는",49,https://www.vigloo.com/ko/video/15000278?episode=1
108,밸런스게임을 시작하시겠습니까?,오피스,,판타지· · 로맨스· · 운명,"주인공 미소는 김밥 메뉴도 쉽게 선택하지 못할 정도로 우유부단한 사람이다. 그런 미소의 눈앞에 밸런스 게임 참가 창이 뜨고, 선",49,https://www.vigloo.com/ko/video/15000239?episode=1
109,화끈한 요리,복수,,로맨스· · 스릴러· · 배신,금양정 창업주의 딸 강경진은 남편 조성철과 태국 여행 중 남편 조성철의 사주로 살해당한다. 기적적으로 목숨을 건진 그녀는 조력자,49,https://www.vigloo.com/ko/video/15000859?episode=1
110,붉은 그림자,비밀신분,,로맨스· · 미스터리· · 스릴러,무대 공포증을 앓고 있는 서희는 청소도우미로 일하는 배우 지망생 유진에게 자신의 삶을 대신 살아달라고 부탁한다. 유명 배우 서희,45,https://www.vigloo.com/ko/video/15001289?episode=1
111,알바생 아빠의 정체는 재벌?,가족,,사이다· · 반전,세계 최고의 부호인 미카게 히로이치는 신분을 감추고 편의점에서 일하면서 아들을 키우고 있었다. 그런데 아들 가즈마는 우세이 집안,72,https://www.vigloo.com/ko/video/15000334?episode=1
112,블러드체인 (Clean Ver.),뱀파이어,,로맨스· · 판타지· · 삼각관계,"데이팅 앱에서 만난 남자의 송곳니에 목이 찢긴 그날 밤, 강하린의 운명은 완전히 바뀐다. 하프 뱀파이어가 된 하린에겐 단 30일",70,https://www.vigloo.com/ko/video/15000303?episode=1
113,억만장자 전처의 역습,언더커버,,사이다· · 재벌· · 언더커버,"해나는 남편의 성공을 위해 자신의 미래와 청춘, 한때 그렸던 삶마저 모두 포기했다. 하지만 수년간의 해외 생활을 마치고 돌아온",70,https://www.vigloo.com/ko/video/15001190?episode=1
114,블러드바운드 루나,늑대인간,,로맨스· · 뱀파이어· · 늑대인간,프롬 파티에서 루나는 나이트클로우 무리의 알파인 제이콥과 금지된 유대를 깨우게 된다. 루나는 늑대도 뱀파이어도 아닌 강력한 혼혈,22,https://www.vigloo.com/ko/video/15001324?episode=1
115,며느리는 귀싸대기 회장님,막장,,사이다· · 드라마· · 코미디,“대 금만그룹 회장님이 된 며느리의 짜릿한 역전극!” 4년째 시댁에서 갖은 구박을 받으며 무시당하던 며느리 금수정. 알고보니 그,48,https://www.vigloo.com/ko/video/15000282?episode=1
116,러브 매직 홍시 Bar,이별,,판타지· · 로맨스· · 운명,대차게 실연당한 여주인공 홍시가 함께 마시면 사랑에 빠져버리는 마법의 실연주를 유산으로 받으면서 펼쳐지는 때로는 웃기고 때로는,55,https://www.vigloo.com/ko/video/15000496?episode=1
117,서울: 2053,서바이벌,,SF· · 액션· · 걸크러쉬,"2053년, 기후 재앙으로 폐허가 된 서울. 끝없이 몰아치는 모래폭풍 속, 인류의 마지막 희망은 ‘테라포밍 프로젝트’다. 국정원",30,https://www.vigloo.com/ko/video/15000430?episode=1
118,타임 리프 조선,첫사랑,,판타지· · 환생· · 운명,"무명 배우 설유연은 매일 밤 같은 꿈을 꾸다, 촬영장에 꿈속 인물 백운결이 나타나 혼란에 빠진다. 그는 산신령의 힘으로 현대에",49,https://www.vigloo.com/ko/video/15000595?episode=1
119,너의 영혼을 갈아줄게,복수,,치정· · 로맨스,"부모님의 반대에도 결혼하려던 커플(규원과 소원)이 불의의 사고로 영혼이 뒤바뀌고, 진심이라고 생각했던 남자친구(규원)가 나(소",49,https://www.vigloo.com/ko/video/15000464?episode=1
120,동거학개론,로코,,로맨스· · 코미디,"5년 연애 끝에 동거를 시작한 민아와 장춘은 달콤할 줄 알았던 동거 생활이 잠버릇, 요리 실수 등 예상치 못한 일들로 첫날부터",30,https://www.vigloo.com/ko/video/15000533?episode=1
121,언니의 약혼자와 사랑에 빠졌습니다,상류층,,로맨스· · 혐관· · 운명,"집으로 돌아가기 전날 밤, 클로이는 한 남자와 잊을 수 없는 열정적인 하룻밤을 보낸다. 한편, 체이스 글로벌 홀딩스의 후계자인",51,https://www.vigloo.com/ko/video/15000201?episode=1
122,"계약 아내, 정비공과 사랑에 빠지다",고자극,,로맨스· · 고자극· · 치정,"가족을 구하기 위해 정략결혼을 택한 셀렌은 남편의 제국을 일구는 데 온 힘을 쏟는다. 하지만 어느 날, 차가 고장 나고 우연히",51,https://www.vigloo.com/ko/video/15000315?episode=1
123,내 남자의 스마트폰,청춘물,,로맨스· · 반전,"열어선 안 될 남자친구의 스마트폰을 본 그녀, 모든 비밀이 드러나버렸다... 차라리 모르는 게 나았을까? ...더보기",30,https://www.vigloo.com/ko/video/15001090?episode=1
124,회귀한 상속녀는 참지 않아,두번째 기회,,재벌· · 환생· · 로맨스,"오와다 홀딩스의 딸 사토미는 연인인 겐지에게 속아 재산과 신용을 잃고, 병까지 얻어 절망에 빠진다. 다 포기하려 한 순간, 그녀",49,https://www.vigloo.com/ko/video/15000466?episode=1
125,백만장자와 오피스 스캔들,상류층,,재벌· · 삼각관계· · 다정남,"한나는 전 남자 친구의 배신으로 깊이 상처받고, 충동적으로 대니얼과 하룻밤을 보낸다. 그를 다시 만나게 될 줄은 꿈에도 생각하지",49,https://www.vigloo.com/ko/video/15000159?episode=1
126,쿼터백의 팀 닥터,스포츠,,로맨스· · 재회,"미식축구 스타가 고향 팀으로 돌아와, 7년 전 자신의 커리어를 무너뜨렸던, 하지만 너무나 사랑했던 팀 닥터와 재회한다. 그리고",56,https://www.vigloo.com/ko/video/15000529?episode=1
127,XXL 디바 퀸의 복수,역하렘,,로맨스· · 사이다· · 환생,"체중이 늘어 XXL 사이즈가 되자, 그녀는 남편에게 조롱당하고 배신당한 채 버림받는다. 인생의 바닥을 치고 사라져 버린 그녀는",53,https://www.vigloo.com/ko/video/15000893?episode=1
128,메타 러브,삼각관계,,SF· · 로맨스· · 스릴러,동건은 모델 일을 잃고 방황하다 메타버스 속 AI 연인 루나와 위험한 사랑에 빠진다. 현실에선 동거인 현정이 방송으로 인기를 얻,49,https://www.vigloo.com/ko/video/15000463?episode=1
129,착한 교수의 위험한 사랑,나이차이,,언더커버· · 고자극· · 로맨스,규칙을 철저히 따르는 모범 천재 교수 매들린 쇼. 거칠고 매력적인 수강생 녹스 애덤스를 만나며 그녀 안에 숨겨진 금지된 욕망이,54,https://www.vigloo.com/ko/video/15000343?episode=1
130,선 넘은 사랑: 나의 적과 가짜 연애,언더커버,,로맨스· · 로코· · 혐관,"직장 라이벌 비비안과 알렉스는 만날 때마다 충돌하다가, 충격적인 사건으로 잊을 수 없는 하룻밤을 보내게 된다. 부모들의 비밀스러",58,https://www.vigloo.com/ko/video/15000927?episode=1
131,비밀스러운 과거를 가진 신부,계약결혼,,로맨스· · 재벌· · 사이다,"크리스마스 밤의 화재로 루와 호크가 헤어진 지 16년 후, 루는 애너벨이라는 이름으로 살아가고 있다. 가족 사업을 지키기 위해",58,https://www.vigloo.com/ko/video/15000991?episode=1
132,풀빌라에서 생긴 일,나이차이,,미스터리· · 이혼· · 치정,"강력한 미디어 거물과 사랑 없는 결혼 생활을 하는 다이애나는 매력적인 젊은 수영장 관리인인 올리버에게 위안을 찾지만, 금지된 욕",48,https://www.vigloo.com/ko/video/15000136?episode=1
133,프린세스 메이커,신분상승,,판타지· · 로맨스· · 드라마,"과거의 상처로 외모 콤플렉스에 시달리는 여울, 전설 속 신비한 인물인 여령으로부터 사람들을 아름답게 만들어 주는 능력을 얻는다.",40,https://www.vigloo.com/ko/video/15000141?episode=1
134,CEO 남장비서의 이중생활,비밀신분,,로맨스· · 찐사랑· · 다정남,도산 직전인 집안을 구하기 위해 남장을 하고 '신조 리쿠'가 되어 일류 어패럴 기업의 비서로 취직한 대학생 신조 리카. 그런 리,68,https://www.vigloo.com/ko/video/15000245?episode=1
135,슈퍼카 신데렐라 스토리,재회,,배신· · 사이다,평범한 대학 졸업생으로 취업 준비생이던 ‘미나’ 앞에 전 남자친구 ‘형진’이 코인으로 재벌이 되어 새로운 관계를 시작 친구 ‘운,53,https://www.vigloo.com/ko/video/15000295?episode=1
136,"그 여름, 교수님과의 비밀",나이차이,,연상연하· · 로맨스· · 찐사랑,"애니는 한여름의 짧은 인연과 자신의 교수로 만나게 될 줄은 몰랐다. 두 사람 사이의 강렬한 캐미를 부인할 수 없지만, 비밀과 질",61,https://www.vigloo.com/ko/video/15000302?episode=1
137,마피아 보스의 눈먼 신부,마피아,,로맨스· · 금지된사랑,오랜 앙숙인 두 라이벌 마피아 가문. 앞을 보지 못하는 엘레노어는 아버지의 명령으로 적대 가문의 후계자 알렉산더와 정략결혼해 그,54,https://www.vigloo.com/ko/video/15000469?episode=1
138,복서의 순정,고자극,,로맨스· · 찐사랑· · 재회,"케일럽 와일더는 딜레이니 먼로를 위해 모든 것을 희생하며, 그녀를 지키기 위해 감옥에 간다. 7년 후, 변호사가 된 딜레이니는",55,https://www.vigloo.com/ko/video/15000227?episode=1
139,"대통령님, 저를 찾아주세요!",상류층,,로맨스· · 재벌· · 재회,"8년 전, 그레이스는 연인 에단이 대통령이 되는 꿈을 이루도록 돕기 위해 임신 사실을 숨긴 채 아무 말 없이 떠났다. 세월이 흘",49,https://www.vigloo.com/ko/video/15000730?episode=1
140,라이벌 알파와의 사랑,알파,,늑대인간· · 로판· · 친구>연인,"알파에게 버림받은 상속자 아이비와 숙적의 아들 알렉스는 서로에게 금지된 표식이 새겨진 사실을 발견하고, 이 결속을 끊기 위해 은",58,https://www.vigloo.com/ko/video/15000323?episode=1
141,그 여름 비치하우스에서,로코,,치정· · 로코· · 초고속결혼,"엘라는 완벽한 남자 레오와 완벽한 결혼식을 올리며 동화 같은 사랑을 이루었다고 생각한다. 하지만 레오는 신혼 첫날 밤, 일을 해",41,https://www.vigloo.com/ko/video/15000467?episode=1
142,이창호의 상상은 현실이 된다,사이다,,코미디· · 드라마· · 사이다,대작 오디션 제의를 받은 이창호 설레는 마음으로 영화 오디션장에 서게 된다. 기쁨도 잠시 예상과 달리 오디션장의 콧대 높은 영화,24,https://www.vigloo.com/ko/video/15000325?episode=1
143,강아지 집사와 플레이보이의 계약 결혼,계약결혼,,혐관· · 로코· · 계약연애,"힘겹게 생계를 이어가던 강아지 집사는 막무가내 억만장자이자 속옷 모델이 30일 동안 가짜 약혼을 하자고 제안하자, 자신의 자매를",52,https://www.vigloo.com/ko/video/15000316?episode=1
144,내 첫사랑이 우리 가문의 라이벌?!,재벌,,다정남· · 하이틴· · 언더커버,유력한 가문의 마지막 상속녀인 줄리엣 캐벗은 졸업 후 정략결혼이 예정되어 있다. 자유를 맛보기로 결심한 줄리엣은 절친과 봄방학에,47,https://www.vigloo.com/ko/video/15000432?episode=1
145,미친 엄마의 복수극,비밀신분,,로맨스· · 재벌· · 배신,"후지카와 가의 금수저 아들 슈이치에게 쫓겨 아들을 빼앗긴 18살 미사키는 5년 후, 투자가 간자키의 도움을 받아 사교계의 꽃 '",50,https://www.vigloo.com/ko/video/15000301?episode=1
146,카우보이 도련님의 숨겨진 신부,언더커버,,재벌· · 로맨스· · 운명,뉴욕의 한 바에서 아버지의 부하에게 쫓기던 엘은 제이크라는 거친 낯선 남자에게 구출된다. 그를 사설 경호원으로 착각한 엘은 결혼,72,https://www.vigloo.com/ko/video/15000174?episode=1
147,내 전남친은 파일럿,순정,,찐사랑· · 재회· · 로맨스,"수년 만에 네베아는 블링크 항공의 퍼스트 클래스 승무원이라는 새로운 직책으로 돌아온다. 그러나 기장이 전 약혼자 리엄이며, 그가",58,https://www.vigloo.com/ko/video/15000398?episode=1
148,저주받은 표식의 공주,마피아,,찐사랑· · 초고속결혼· · 로맨스,"""붉은 표식을 지닌 여자의 첫날밤을 가지면 지하세계를 지배할 힘을 얻게 된다."" 오랜 전설의 중심에 선 클로이. 의도치 않은 사",73,https://www.vigloo.com/ko/video/15000318?episode=1
149,거짓말로 재벌가의 며느리가 되었습니다,언더커버,,로맨스· · 재벌· · 반전,"신분 상승을 꿈꾸는 회사원 미오. 만남 앱에서 자신의 조건을 속이고 재벌 도련님 후미토를 만난다. 처음에는 조건에 끌렸지만, 소",59,https://www.vigloo.com/ko/video/15000257?episode=1
150,우편실의 억만장자,고자극,,로맨스· · 재벌· · 찐사랑,엘리는 누구보다 자신을 특별하게 여겨 주는 우편실 직원 콜턴에게 흠뻑 빠져든다. 하지만 마음이 깊어질수록 콜턴에게 비밀이 있다는,49,https://www.vigloo.com/ko/video/15000307?episode=1
151,버림받은 상속녀의 복수극,언더커버,,언더커버· · 환생· · 드라마,"어린 시절 버려진 애슐리는 자신의 정체를 모른 채로 자란다. 그녀는 사실 무자비한 재벌 베넷 가문의 후계자 레이철 베넷이었고,",71,https://www.vigloo.com/ko/video/15000729?episode=1
152,시뮬레이션 게임 속 사무라이와 운명적 만남,로판,,판타지· · 로맨스· · 시대극/사극,현실과 에도시대 말기를 오가는 회사원 시노. 신센구미 연애 시뮬레이션 게임 속에서 신센구미 무사 토오도오 헤이스케를 만나고 두,70,https://www.vigloo.com/ko/video/15000265?episode=1
153,88년생 베스트프렌드,K-콘텐츠,,드라마,30대 중반의 네 친구가 각자의 비밀을 숨긴 채 겉으론 화기애애한 우정을 나누는 이야기. 랜선 술자리와 오랜만의 오프라인 모임,49,https://www.vigloo.com/ko/video/15000160?episode=1
154,늑대의 신부가 된 뱀파이어,알파,,늑대인간· · 뱀파이어· · 로판,뱀파이어의 마지막 핏줄인 발은 예언을 이루기 위해 무자비한 알파와 강제로 결혼하게 되지만 베타 형제인 손과 다시 금지된 사랑의,60,https://www.vigloo.com/ko/video/15000319?episode=1
155,장군의 딸을 사랑한 이등병은 숨겨진 재벌,금지된사랑,,로맨스· · 금지된사랑· · 삼각관계,엄격한 장군의 딸 애마는 불명예스러운 사건으로 외딴 기지로 좌천되어 차가운 군인 잭을 만난다. 잭은 사실 세계적인 무기 기업의,49,https://www.vigloo.com/ko/video/15000327?episode=1
156,웨딩 플래너의 사랑,로코,,로맨스· · 재벌· · 찐사랑,"까탈스럽고 고집 센 신부의 고급스러운 결혼식을 계획하던 중, 내성적인 웨딩 플래너 리스는 매력적인 억만장자 건축가 세바스티안과",43,https://www.vigloo.com/ko/video/15000234?episode=1
157,귀살,초자연적/불가사의,,호러· · 운명· · 드라마,고등학교 교사 정화는 내림굿을 거부한 대가로 환각과 환청에 시달린다. 이를 지켜보던 신어머니는 정화 대신 다른 사람과 운명을 바,52,https://www.vigloo.com/ko/video/15000207?episode=1
158,에이미 벤슨의 비밀,범죄,,로맨스· · 스릴러· · 드라마,가족을 잃고 정체불명의 위협으로부터 수년간 도망 중인 에이미는 비행기에서 리엄을 만난다. 에이미는 자신의 인생이 송두리째 바뀔,35,https://www.vigloo.com/ko/video/15000351?episode=1
159,재투성이 공주★야요이,사이다,,반전· · 사이다· · 다정남,어릴 적 아빠를 잃은 주인공 야요이는 엄마 아키코와 둘이서 살고 있었다. 꿈에도 그리던 새 가족이 생겼지만 그 가족에게 행복한,70,https://www.vigloo.com/ko/video/15000240?episode=1
160,울끈불끈 사장의 심장을 훔친 슈가펄레이디,신데렐라,,로맨스· · 삼각관계· · 사이다,"지극히 평범하고 눈에 띄지 않는 신입사원 아마노 에메는, 동경하던 주얼리 브랜드 '레브'에 입사한다. 하지만 첫날부터 사장의 약",47,https://www.vigloo.com/ko/video/15000291?episode=1
161,남친 찾기 프로젝트 -5명과의 키스-,청춘물,,애니메이션· · 로맨스· · 하이틴,모태솔로인 히메카는 여학교만 다닌 순진한 여고생이다. 같은 반 애들이 남친 이야기를 할 때면 부럽기는 해도 자신감이 없어서 한,20,https://www.vigloo.com/ko/video/15000727?episode=1
162,카지노 왕자에게 딱 찍히다,금지된사랑,,로맨스· · 금지된사랑· · 액션,죽은 여동생의 복수를 위해 냉혹한 카지노 재벌의 제국에 잠입한 스파이 에블린 하트. 하지만 표적인 루카스 그레이의 진짜 모습은,49,https://www.vigloo.com/ko/video/15000500?episode=1
163,연하남의 알리바이,나이차이,,로맨스· · 다정남· · 재벌,"35세 형사 나탈리아 리버는 초대형 기업 범죄를 수사하다가, 비밀리에 1조 달러 규모 기업의 CEO 자리에 오른 25살 천재 매",53,https://www.vigloo.com/ko/video/15000289?episode=1
164,도플갱어와 랜덤채팅,운명,,판타지· · 운명,아르바이트로 하루하루 연명하며 불행하게 살아가고 있는 주인공 미림은 답답한 마음을 토로할 친구가 없어 카메라를 끈 상태로 랜덤,39,https://www.vigloo.com/ko/video/15000143?episode=1
165,나의 슈퍼스타와 연애하기,로코,,로코· · 찐사랑· · 삼각관계,"코믹콘에서, 열성적인 팬인 에밀리는 에이든 스톰과 하룻밤을 보낸 후, 그로 인해 스캔들과 상처를 겪고, 상황은 폭발적인 혼란에",49,https://www.vigloo.com/ko/video/15000276?episode=1
166,내가 사랑에 빠진 그 여름 캠프,성장물,,삼각관계· · 로맨스· · 로코,"에버그린 캠프의 마지막 여름, 상담사로 돌아온 노아는 혼돈으로 걸어 들어간 꼴이다. 그녀의 매력적인 첫사랑과 예상치 못한 키스,",48,https://www.vigloo.com/ko/video/15000400?episode=1
167,비밀 연애 컨설턴트,계약연애,,로맨스· · 혐관· · 재벌,"비밀 연애 컨설턴트 릴리는, 복잡한 연애 문제로 골머리를 앓는 억만장자 윌리엄 헤이스의 연애 문제를 해결하기 위해 고용된다. 하",48,https://www.vigloo.com/ko/video/15000288?episode=1
168,사랑의 고통에 빠져버렸다!,학교,,하이틴· · 순애· · 다정남,차가운 분위기 탓에 모두가 무서워하는 스도우 타케루. 수수하고 음침한 요시노 리코. 리코는 좋아하는 사람과 사귀고 싶어 수상한,35,https://www.vigloo.com/ko/video/15000155?episode=1
169,미녀는 괴로워 ~런웨이에서 복수를~,언더커버,,사이다· · 환생· · 배신,소극적인 성격의 주인공 요시노 카스미는 어패럴 기업 SORALI에 다니다 억울한 누명을 쓰고 해고된 뒤 징역까지 살게 된다. 교,41,https://www.vigloo.com/ko/video/15000349?episode=1
170,캠퍼스의 연인들,캠퍼스,,로맨스· · 삼각관계· · 재회,"카보에서 보내는 여름 방학, 클레어와 자비에르는 운명처럼 만나 서로에게 열렬하게 빠진다. 하지만 캠퍼스로 돌아온 클레어는 남자",52,https://www.vigloo.com/ko/video/15000308?episode=1
171,신입 인턴은 CEO?,언더커버,,재벌· · 로맨스· · 드라마,"야심 찬 임원인 마야는 신입 인턴을 그저 어설픈 또 다른 신입이라고 생각했지만, 그가 사실은 에반테크의 CEO, 네이트 카터라는",49,https://www.vigloo.com/ko/video/15000283?episode=1
172,연애의 법칙,순정,,찐사랑· · 로맨스· · 드라마,최악의 이별을 겪은 릴리는 ‘7일 안에 진짜 사랑을 찾아준다’는 새로운 데이팅 앱을 시도해 본다. 그런데 매칭된 이상형은 놀랍게,49,https://www.vigloo.com/ko/video/15000298?episode=1
173,가출한 왕자의 비밀스러운 휴가,언더커버,,언더커버· · 로코,"가출한 덴마크 왕자가 호주의 자유로운 서퍼에게 구조되면서, 그는 자신의 신분을 숨기고 단순한 삶을 살기 시작한다. 그리고 처음으",53,https://www.vigloo.com/ko/video/15000562?episode=1
174,복수의 소나타,언더커버,,재벌· · 치정· · 사이다,"젠은 베크 재단에서 피아노 교사로 고용되어, 자신의 인생을 망친 라이언에게 복수하려 한다. 그녀의 계획이 펼쳐지면서, 젠은 라이",49,https://www.vigloo.com/ko/video/15000137?episode=1
175,남의 남자,불륜,,치정· · 배신· · 로맨스,벨라 메이필드는 아내가 혼수상태로 빠진 위험할 정도로 매력적인 조만장자 노먼 모닝스타에게 빠져든다. 하지만 두 사람의 관계가 깊,57,https://www.vigloo.com/ko/video/15000274?episode=1
176,"비밀의 밤, 사라진 너",언더커버,,드라마· · 미스터리· · 스릴러,셀리나 우드스톡은 에말프 저택에서 일하며 숨겨진 부패와 배신을 파헤친다. 마지못해 저택을 물려받은 맥스 에말프와 그의 아들 팀은,49,https://www.vigloo.com/ko/video/15000250?episode=1
177,불 속에서 만난 상속자,재벌,,로맨스· · 드라마· · 운명,"기자 앨리스는 사고로 기억을 잃은 후, 자신을 구해 준 소방관이자 지금은 대기업 상속자인 남자와 재회한다. 두 사람 사이에 불꽃",49,https://www.vigloo.com/ko/video/15000304?episode=1
178,내 상사와의 요트 위 로맨스,CEO,,재벌· · 언더커버· · 로코,"활기차고 젊은 요트 디자이너 캐시는 어느 여름 주말, 자신을 호화 요트로 데려간 매력적인 낯선 남자 마리오와 로맨스를 즐긴다.",35,https://www.vigloo.com/ko/video/15000345?episode=1
179,잃어버린 아내,로코,,로맨스· · 드라마· · 재회,"의대생이자 싱글맘인 케이틀린이 힘겹게 생활을 이어가고 있을 때, 부유한 전남편이 다시 그녀의 삶에 나타난다. 본인이 아이의 아버",47,https://www.vigloo.com/ko/video/15000259?episode=1
180,뱀파이어의 입맞춤: 피로 맺은 사랑,뱀파이어,,판타지· · 로맨스· · 찐사랑,"치명적인 매복 공격 후, 리나는 강력하고 친숙하지만, 위험한 비밀을 숨기고 있는 수수께끼의 인물인 알라릭 손우드에 의해 구출된다",49,https://www.vigloo.com/ko/video/15000249?episode=1
181,마피아 보디가드와 운명의 사랑,언더커버,,로맨스· · 순애· · 드라마,활기찬 젊은 여성 어니타 벤스는 위험 속에서도 마피아 가문을 이끌기를 꿈꾼다. 미스터리한 보디가드인 에릭을 배정받은 그녀는 가족,49,https://www.vigloo.com/ko/video/15000171?episode=1
182,뱀파이어와의 첫사랑: 죽음의 키스,뱀파이어,,뱀파이어· · 로판· · 금지된사랑,"캐시디 머서는 전설로 칭송받는 뱀파이어 사냥꾼 가문에서 태어나 망설임 없이 뱀파이어를 처단한다. 그러던 어느 날, 새로 전학 온",51,https://www.vigloo.com/ko/video/15000321?episode=1
183,애니멀 리벤지~잃어버린 인연~,힐링,,드라마· · 미스터리· · 코미디,어릴 적 경험한 반려견과의 슬픈 이별을 계기로 동물과 대화할 수 있는 특수 능력을 얻게 된 도이 토오루(25). 그 능력을 살려,51,https://www.vigloo.com/ko/video/15000178?episode=1
184,홈리스 재벌 후계자의 복수,언더커버,,드라마· · 재벌· · 반전,세계적 재벌 기업 토고의 차기 사장이었던 나오야. 5년 간 기억을 잃은 채 실종된 사이 회사는 현 사장의 재혼 상대이자 전 부인,52,https://www.vigloo.com/ko/video/15000231?episode=1
185,두 CEO의 사랑 전쟁,순정,,삼각관계· · 재벌· · 찐사랑,시에나는 자신의 세상을 부순 전 애인 테오와 곁에 남아 지켜 줬던 데미안 사이에서 갈등한다. 하지만 이건 단순한 삼각관계가 아닌,59,https://www.vigloo.com/ko/video/15000326?episode=1
186,타임슬립 로맨스: 내가 사랑한 마피아,시간여행,,로맨스· · 판타지· · 시대극/사극,"자신을 괴롭히는 의붓자매로부터 도망치려는 라일라 터너는 갱스터 소설에 빠져 진정한 사랑을 갈망한다. 그러던 중, 신비로운 타임슬",57,https://www.vigloo.com/ko/video/15000268?episode=1
187,거짓으로 얽힌 억만장자와의 로맨스,언더커버,,재벌· · 찐사랑· · 로맨스,힘든 상황에 부닥친 보석 디자이너 리타 켈리는 억만장자 상속인 데이비스 하트를 거짓으로 위장하여 만난다. 데이비스가 열쇠 목걸이,49,https://www.vigloo.com/ko/video/15000175?episode=1
188,사랑의 기억은 진짜인가요?,불륜,,드라마· · 찐사랑· · 사이다,"아내의 불륜과 정신적 폭력으로 기억 상실에 빠진 남편, 유사쿠. 아내 미도리는 남편의 기억 상실을 기회로 그의 돈을 써서 불륜을",30,https://www.vigloo.com/ko/video/15000139?episode=1
189,계약결혼으로 대표님 구하기,계약결혼,,초고속결혼· · CEO· · 계약연애,"무자비한 CEO 에이드리언이 한 아이의 아버지라는 의혹을 받자, 그의 홍보 책임자 소피는 그와 회사를 지키기 위해 가짜 약혼을",46,https://www.vigloo.com/ko/video/15000498?episode=1
190,최악의 첫데이트,연애,,로맨스· · 코미디· · 삼각관계,"첫 데이트가 이보다 더 최악일 수 있을까? 셰프인 전 남친, 질투심 폭발한 전 절친, 거기에 스토커 엄마까지? 사라와 잭의 첫",47,https://www.vigloo.com/ko/video/15000281?episode=1
191,마지막 웨딩 드레스,맞대응,,로맨스· · 스릴러· · 반전,해리의 청혼에 기뻐하던 안야는 그의 가족이 결혼을 위해 신부에게 치명적인 게임에서 경쟁하도록 강요한다는 사실을 알게 되면서 공포,53,https://www.vigloo.com/ko/video/15000164?episode=1
192,잡일 부서에 발령받았습니다,복수,,드라마· · 재벌· · 배신,"CEO 아베는 신규 사업 무산에 대한 책임을 이유로 돌연 해임된 후, 자료 정리와 화장실 청소 등을 담당하는 '잡일 부서'로 발",61,https://www.vigloo.com/ko/video/15000177?episode=1
193,미워할 수 없는 나의 라이벌,언더커버,,로맨스· · 혐관· · 정치,대담한 정치 전략가 클로이 하퍼는 선거 유세 현장에서 라이벌 트래비스 콜과 충돌한다. 스캔들이 터지고 비밀이 밝혀지면서 두 사람,49,https://www.vigloo.com/ko/video/15000167?episode=1
194,그녀를 사랑한 대가,복수,,로맨스· · 배신· · 사이다,소설가 앨릭스 크로는 무자비한 헥터 크루즈와의 해로운 결혼 생활에 갇힌 아름다운 여성 커밀라와 사랑에 빠진다. 그들의 불륜이 드,48,https://www.vigloo.com/ko/video/15000152?episode=1
195,큐의 단죄,서스펜스,,스릴러· · 호러· · 삼각관계,행복한 소마 일가 앞에 갑자기 나타난 수수께끼의 인물 큐타로. 소마 일가의 일상에 파고든 그 기분 나쁜 남자는 가족의 숨겨진 죄,49,https://www.vigloo.com/ko/video/15000163?episode=1
196,일주일간의 동거,로맨틱한,,혐관· · 삼각관계· · 로맨스,"극과 극인 두 사람이 일주일간 같은 집에서 살게 된다. 엉망진창이었던 그들의 생활은 곧 웃음으로, 늦은 밤의 고백으로, 뜻밖의",49,https://www.vigloo.com/ko/video/15000499?episode=1
197,미코노스에서 생긴 일,재벌,,재벌· · 언더커버· · 운명,"미코노스섬에서 미국인 사진작가 케이트는 그리스 해운 재벌가의 상속자라는 비밀을 간직한, 매력적인 현지인 알렉스에게 마음을 빼앗긴",49,https://www.vigloo.com/ko/video/15000347?episode=1
